{
  "Map_01":   {
    "Name: " : "Woody woods",
    "map_graphics": "map_01",
    "locations": [
      [0,0,0,0,0,0,0,0,0,0],
      [0,1,1,1,1,1,1,1,1,0],
      [0,1,1,1,1,1,1,1,1,0],
      [0,1,1,1,1,1,1,1,1,0],
      [0,1,1,1,1,1,1,1,1,0],
      [0,1,1,1,1,1,1,1,1,0],
      [0,1,1,1,1,1,1,1,1,0],
      [0,1,1,1,1,1,1,1,1,0],
      [0,1,1,1,1,1,1,1,1,0],
      [0,0,0,0,0,0,0,0,0,0]
    ],
    "total_height_px": 300,
    "total_width_px": 300,
    "cell_size_px": 30,
    "allowed_blocks": [
      [1,"/static/wooden_block.png"]
    ],
    "disallowed_blocks": [
      [0,"/static/wooden_dark_block.png"]
    ]
  }
}

