{
    "file_types_list": [
        ".DOC", ".DOCX", ".EML", ".MSG", ".ODT", ".PAGES", ".RTF", ".TEX", ".TXT", ".WPD",
        ".AAE", ".CSV", ".DAT", ".KEY", ".LOG", ".MPP", ".OBB", ".PPT", ".PPTX",
        ".RPT", ".TAR", ".VCF", ".XML", ".AIF", ".FLAC", ".M3U", ".M4A", ".MID", ".MP3",
        ".OGG", ".WAV", ".WMA", ".3GP", ".ASF", ".AVI", ".FLV", ".M4V", ".MOV", ".MP4",
        ".MPG", ".SRT", ".SWF", ".TS", ".VOB", ".WMV", ".3DM", ".3DS", ".BLEND", ".DAE",
        ".FBX", ".MAX", ".OBJ", ".BMP", ".DCM", ".DDS", ".DJVU", ".GIF", ".HEIC", ".JPG",
        ".PNG", ".PSD", ".TGA", ".TIF", ".AI", ".CDR", ".EMF", ".EPS", ".PS", ".SKETCH",
        ".SVG", ".VSDX", ".INDD", ".OXPS", ".PDF", ".PMD", ".PUB", ".QXP", ".XPS",
        ".NUMBERS", ".ODS", ".XLR", ".XLS", ".XLSX", ".ACCDB", ".CRYPT14", ".DB", ".MDB",
        ".ODB", ".PDB", ".SQL", ".SQLITE", ".APK", ".BAT", ".BIN", ".CMD",
        ".EXE", ".IPA", ".JAR", ".RUN", ".SH", ".DEM", ".GAM", ".GBA", ".NES", ".PAK",
        ".PKG", ".ROM", ".SAV", ".DGN", ".DWG", ".DXF", ".STEP", ".STL", ".STP", ".GPX",
        ".KML", ".KMZ", ".OSM", ".ASP", ".ASPX", ".CER", ".CFM", ".CSR", ".CSS", ".HTML",
        ".JS", ".JSON", ".JSP", ".PHP", ".XHTML", ".CRX", ".ECF", ".PLUGIN", ".SAFARIEXTZ",
        ".XPI", ".FNT", ".OTF", ".TTF", ".WOFF", ".WOFF2", ".ANI", ".CAB", ".CPL", ".CUR",
        ".DESKTHEMEPACK", ".DLL", ".DMP", ".DRV", ".ICNS", ".ICO"
    ],
    "file_types_to_mime": {
      ".DOC": "application/msword",
      ".DOCX": "application/vnd.openxmlformats-officedocument.wordprocessingml.document",
      ".EML": "message/rfc822",
      ".ODT": "application/vnd.oasis.opendocument.text",
      ".PAGES": "application/vnd.apple.pages",
      ".RTF": "application/rtf",
      ".TEX": "text/x-tex",
      ".TXT": "text/plain",
      ".WPD": "application/vnd.wordperfect",
      ".CSV": "text/csv",
      ".KEY": "application/pgp-keys",
      ".MPP": "application/vnd.ms-project",
      ".PPT": "application/vnd.ms-powerpoint",
      ".PPTX": "application/vnd.openxmlformats-officedocument.presentationml.presentation",
      ".TAR": "application/x-tar",
      ".VCF": "text/vcard",
      ".XML": "application/xml",
      ".AIF": "audio/x-aiff",
      ".FLAC": "audio/flac",
      ".M3U": "audio/mpegurl",
      ".M4A": "audio/mp4",
      ".MID": "audio/sp-midi",
      ".MP3": "audio/mpeg",
      ".OGG": "audio/ogg",
      ".WAV": "audio/x-wav",
      ".WMA": "audio/x-ms-wma",
      ".3GP": "audio/3gpp",
      ".ASF": "application/vnd.ms-asf",
      ".AVI": "video/x-msvideo",
      ".FLV": "video/x-flv",
      ".M4V": "video/mp4",
      ".MOV": "video/quicktime",
      ".MP4": "video/mp4",
      ".MPG": "video/mpeg",
      ".SRT": "text/plain",
      ".SWF": "application/vnd.adobe.flash.movie",
      ".TS": "text/vnd.trolltech.linguist",
      ".WMV": "video/x-ms-wmv",
      ".3DM": "text/vnd.in3d.3dml",
      ".DAE": "model/vnd.collada+xml",
      ".OBJ": "model/obj",
      ".BMP": "image/bmp",
      ".DCM": "application/dicom",
      ".DJVU": "image/vnd.djvu",
      ".GIF": "image/gif",
      ".HEIC": "image/heic",
      ".JPG": "image/jpeg",
      ".PNG": "image/png",
      ".PSD": "image/vnd.adobe.photoshop",
      ".TIF": "image/tiff",
      ".AI": "application/postscript",
      ".CDR": "image/x-coreldraw",
      ".EMF": "image/emf",
      ".EPS": "application/postscript",
      ".PS": "application/postscript",
      ".SVG": "image/svg+xml",
      ".OXPS": "application/oxps",
      ".PDF": "application/pdf",
      ".PUB": "application/vnd.exstream-package",
      ".XPS": "application/vnd.ms-xpsdocument",
      ".NUMBERS": "application/vnd.apple.numbers",
      ".ODS": "application/vnd.oasis.opendocument.spreadsheet",
      ".XLS": "application/vnd.ms-excel",
      ".XLSX": "application/vnd.openxmlformats-officedocument.spreadsheetml.sheet",
      ".MDB": "application/msaccess",
      ".ODB": "application/vnd.oasis.opendocument.base",
      ".PDB": "chemical/x-pdb",
      ".SQL": "application/sql",
      ".SQLITE": "application/vnd.sqlite3",
      ".APK": "application/vnd.android.package-archive",
      ".BAT": "application/x-msdos-program",
      ".BIN": "application/octet-stream",
      ".EXE": "application/x-msdos-program",
      ".JAR": "application/java-archive",
      ".SH": "text/x-sh",
      ".GAM": "chemical/x-gamess-input",
      ".PKG": "application/vnd.apple.installer+xml",
      ".DWG": "image/vnd.dwg",
      ".DXF": "image/vnd.dxf",
      ".STEP": "model/step",
      ".STL": "model/stl",
      ".STP": "model/step",
      ".KML": "application/vnd.google-earth.kml+xml",
      ".KMZ": "application/vnd.google-earth.kmz",
      ".OSM": "application/vnd.openstreetmap.data+xml",
      ".CER": "application/pkix-cert",
      ".CSS": "text/css",
      ".HTML": "text/html",
      ".JS": "text/javascript",
      ".JSON": "application/json",
      ".XHTML": "application/xhtml+xml",
      ".XPI": "application/x-xpinstall",
      ".OTF": "font/otf",
      ".TTF": "font/ttf",
      ".WOFF": "font/woff",
      ".WOFF2": "font/woff2",
      ".CAB": "application/vnd.ms-cab-compressed",
      ".CPL": "application/cpl+xml",
      ".DLL": "application/x-msdos-program",
      ".DMP": "application/vnd.tcpdump.pcap",
      ".ICO": "image/vnd.microsoft.icon"
    },
    "mime_types": {
      "application/msword": ".DOC",
      "application/vnd.openxmlformats-officedocument.wordprocessingml.document": ".DOCX",
      "message/rfc822": ".EML",
      "application/vnd.oasis.opendocument.text": ".ODT",
      "application/vnd.apple.pages": ".PAGES",
      "application/rtf": ".RTF",
      "text/x-tex": ".TEX",
      "text/plain": ".TXT",
      "text/csv": ".CSV",
      "application/vnd.ms-powerpoint": ".PPT",
      "application/vnd.openxmlformats-officedocument.presentationml.presentation": ".PPTX",
      "application/x-tar": ".TAR",
      "text/vcard": ".VCF",
      "application/xml": ".XML",
      "audio/x-aiff": ".AIF",
      "audio/flac": ".FLAC",
      "audio/mp4": ".M4A",
      "audio/mpeg": ".MP3",
      "audio/ogg": ".OGG",
      "audio/x-wav": ".WAV",
      "audio/x-ms-wma": ".WMA",
      "audio/3gpp": ".3GP",
      "video/x-msvideo": ".AVI",
      "video/x-flv": ".FLV",
      "video/mp4": ".MP4",
      "video/quicktime": ".MOV",
      "video/mpeg": ".MPG",
      "application/vnd.adobe.flash.movie": ".SWF",
      "text/vnd.trolltech.linguist": ".TS",
      "video/x-ms-wmv": ".WMV",
      "image/bmp": ".BMP",
      "image/gif": ".GIF",
      "image/heic": ".HEIC",
      "image/jpeg": ".JPG",
      "image/png": ".PNG",
      "image/vnd.adobe.photoshop": ".PSD",
      "image/tiff": ".TIF",
      "application/postscript": ".PS",
      "image/svg+xml": ".SVG",
      "application/pdf": ".PDF",
      "application/vnd.ms-excel": ".XLS",
      "application/vnd.openxmlformats-officedocument.spreadsheetml.sheet": ".XLSX",
      "application/vnd.android.package-archive": ".APK",
      "application/x-msdos-program": ".EXE",
      "application/java-archive": ".JAR",
      "text/x-sh": ".SH",
      "text/html": ".HTML",
      "text/css": ".CSS",
      "text/javascript": ".JS",
      "text/xml": ".XML",
      "text/xhtml": ".XHTML",
      "application/json": ".JSON",
      "application/xhtml+xml": ".XHTML",
      "font/ttf": ".TTF",
      "font/otf": ".OTF",
      "font/woff": ".WOFF",
      "font/woff2": ".WOFF2",
      "image/vnd.microsoft.icon": ".ICO"
    }

}